id,title,title_eng,location,latitude,longitude,culture,collection_date,collector,performersource,source_key,source_page_num,source_song_num,source_date,catalogue_numberencoder,encoding_date,copyright,license_abbr,version,meter,metric_classification,modality,key,ambitus,has_lyrics,has_music,genre,language,language_iso,url,preview_url,path,format,checksum,encoder,performer
nova001,False Night Upon the Road,False Night Upon the Road,Canada; Nova Scotia,,,Folksongs of Maritime Canada,1928///-1932///,Helen Creighton,,creighton1932nova,1,1,,,,,,,,,,,,False,True,,,,https://github.com/craigsapp/creighton-nova-scotia/blob/master/kern/nova001.krn,https://verovio.humdrum.org/?file=users/craig/songs/creighton/nova/nova001.krn,kern/nova001.krn,kern,c1b4fa74358773c1296ea893e243ceaa,Craig Stuart Sapp (music and bibliographic data)                       ,Mr. Faulkner and Mr. Ben Henneberry
nova002,Cruel Mother,Cruel Mother,Canada; Nova Scotia,,,Folksongs of Maritime Canada,1928///-1932///,Helen Creighton,,creighton1932nova,3,2,,,,,,,,,,,,False,True,,,,https://github.com/craigsapp/creighton-nova-scotia/blob/master/kern/nova002.krn,https://verovio.humdrum.org/?file=users/craig/songs/creighton/nova/nova002.krn,kern/nova002.krn,kern,9ad2d165e047bd6a6bfd18ad1ea70494,Craig Stuart Sapp (music and bibliographic data)                       ,Mr. Ben Henneberry
nova003,Captain Wedderburn's Courtship,Captain Wedderburn's Courtship,Canada; Nova Scotia,,,Folksongs of Maritime Canada,1928///-1932///,Helen Creighton,,creighton1932nova,6,3,,,,,,,,,,,,False,True,,,,https://github.com/craigsapp/creighton-nova-scotia/blob/master/kern/nova003.krn,https://verovio.humdrum.org/?file=users/craig/songs/creighton/nova/nova003.krn,kern/nova003.krn,kern,3a400ad24844233f3dd2967afea68381,Craig Stuart Sapp (music and bibliographic data)                       ,Mr. Richard Hartlan
nova004,Lord Thomas and Fair Ellinor,Lord Thomas and Fair Ellinor,Canada; Nova Scotia,,,Folksongs of Maritime Canada,1928///-1932///,Helen Creighton,,creighton1932nova,8,4,,,,,,,,,,,,False,True,,,,https://github.com/craigsapp/creighton-nova-scotia/blob/master/kern/nova004.krn,https://verovio.humdrum.org/?file=users/craig/songs/creighton/nova/nova004.krn,kern/nova004.krn,kern,a41d4ea1a4b670d64ba82d5597e95315,Craig Stuart Sapp (music and bibliographic data)                       ,Mrs. William McNab
nova005,Little Musgrave and Lady Barnard,Little Musgrave and Lady Barnard,Canada; Nova Scotia,,,Folksongs of Maritime Canada,1928///-1932///,Helen Creighton,,creighton1932nova,11,5,,,,,,,,,,,,False,True,,,,https://github.com/craigsapp/creighton-nova-scotia/blob/master/kern/nova005.krn,https://verovio.humdrum.org/?file=users/craig/songs/creighton/nova/nova005.krn,kern/nova005.krn,kern,2175762792a2f70474a7afd872583d84,Craig Stuart Sapp (music and bibliographic data)                       ,Mrs. William McNab
nova006,Bold Pedlar and Robin Hood,Bold Pedlar and Robin Hood,Canada; Nova Scotia,,,Folksongs of Maritime Canada,1928///-1932///,Helen Creighton,,creighton1932nova,12,6,,,,,,,,,,,,False,True,,,,https://github.com/craigsapp/creighton-nova-scotia/blob/master/kern/nova006.krn,https://verovio.humdrum.org/?file=users/craig/songs/creighton/nova/nova006.krn,kern/nova006.krn,kern,91d3ed3e4a7aaa20d4d2090a790c4414,Craig Stuart Sapp (music and bibliographic data)                       ,Mr. Ben Henneberry
nova007,Robin Hood's Progress to Nottingham,Robin Hood's Progress to Nottingham,Canada; Nova Scotia,,,Folksongs of Maritime Canada,1928///-1932///,Helen Creighton,,creighton1932nova,15,7,,,,,,,,,,,,False,True,,,,https://github.com/craigsapp/creighton-nova-scotia/blob/master/kern/nova007.krn,https://verovio.humdrum.org/?file=users/craig/songs/creighton/nova/nova007.krn,kern/nova007.krn,kern,e11502f3571bf28ed9981e9cd83a9bec,Craig Stuart Sapp (music and bibliographic data)                       ,Mr. Ben Henneberry
nova008,Sir Hugh,Sir Hugh,Canada; Nova Scotia,,,Folksongs of Maritime Canada,1928///-1932///,Helen Creighton,,creighton1932nova,16,8,,,,,,,,,,,,False,True,,,,https://github.com/craigsapp/creighton-nova-scotia/blob/master/kern/nova008.krn,https://verovio.humdrum.org/?file=users/craig/songs/creighton/nova/nova008.krn,kern/nova008.krn,kern,54caaf95001b867a0a0ee80df88cc94f,Craig Stuart Sapp (music and bibliographic data)                       ,Mrs. William McNab
nova009,Farmer's Curst Wife,Farmer's Curst Wife,Canada; Nova Scotia,,,Folksongs of Maritime Canada,1928///-1932///,Helen Creighton,,creighton1932nova,18,9,,,,,,,,,,,,False,True,,,,https://github.com/craigsapp/creighton-nova-scotia/blob/master/kern/nova009.krn,https://verovio.humdrum.org/?file=users/craig/songs/creighton/nova/nova009.krn,kern/nova009.krn,kern,a99d4992947be8d5c0b0e5ab18856eff,Craig Stuart Sapp (music and bibliographic data)                       ,Mr. Faulkner and Mr. Ben Henneberry
nova010,Sweet Trinity,Sweet Trinity,Canada; Nova Scotia,,,Folksongs of Maritime Canada,1928///-1932///,Helen Creighton,,creighton1932nova,20,10,,,,,,,,,,,,False,True,,,,https://github.com/craigsapp/creighton-nova-scotia/blob/master/kern/nova010.krn,https://verovio.humdrum.org/?file=users/craig/songs/creighton/nova/nova010.krn,kern/nova010.krn,kern,7673d94bacf5467434f9639f79c31748,Craig Stuart Sapp (music and bibliographic data)                       ,Mr. Richard Hartlan
nova011,Katharine Jaffray,Katharine Jaffray,Canada; Nova Scotia,,,Folksongs of Maritime Canada,1928///-1932///,Helen Creighton,,creighton1932nova,22,11,,,,,,,,,,,,False,True,,,,https://github.com/craigsapp/creighton-nova-scotia/blob/master/kern/nova011.krn,https://verovio.humdrum.org/?file=users/craig/songs/creighton/nova/nova011.krn,kern/nova011.krn,kern,89c009f66f56a2989b3dfa748ff90b60,Craig Stuart Sapp (music and bibliographic data)                       ,Mr. Ben Henneberry
nova012,Song of a Soldier,Song of a Soldier,Canada; Nova Scotia,,,Folksongs of Maritime Canada,1928///-1932///,Helen Creighton,,creighton1932nova,25,12,,,,,,,,,,,,False,True,,,,https://github.com/craigsapp/creighton-nova-scotia/blob/master/kern/nova012.krn,https://verovio.humdrum.org/?file=users/craig/songs/creighton/nova/nova012.krn,kern/nova012.krn,kern,8a9dc65ad37be5cf41e7f35bfbd87e35,Craig Stuart Sapp (music and bibliographic data)                       ,Mr. Allan Hartlan
nova013,Turkish Rover,Turkish Rover,Canada; Nova Scotia,,,Folksongs of Maritime Canada,1928///-1932///,Helen Creighton,,creighton1932nova,26,13,,,,,,,,,,,,False,True,,,,https://github.com/craigsapp/creighton-nova-scotia/blob/master/kern/nova013.krn,https://verovio.humdrum.org/?file=users/craig/songs/creighton/nova/nova013.krn,kern/nova013.krn,kern,46d54d5dd7c159f6dd1b0ced98cb8601,Craig Stuart Sapp (music and bibliographic data)                       ,Mr. Ben Henneberry
nova014,Well Sold the Cow,Well Sold the Cow,Canada; Nova Scotia,,,Folksongs of Maritime Canada,1928///-1932///,Helen Creighton,,creighton1932nova,29,14,,,,,,,,,,,,False,True,,,,https://github.com/craigsapp/creighton-nova-scotia/blob/master/kern/nova014.krn,https://verovio.humdrum.org/?file=users/craig/songs/creighton/nova/nova014.krn,kern/nova014.krn,kern,f3da434623e6f476289d3434f54ed3bc,Craig Stuart Sapp (music and bibliographic data)                       ,Mr. Ben Henneberry
nova015,Annie,Annie,Canada; Nova Scotia,,,Folksongs of Maritime Canada,1928///-1932///,Helen Creighton,,creighton1932nova,32,15,,,,,,,,,,,,False,True,,,,https://github.com/craigsapp/creighton-nova-scotia/blob/master/kern/nova015.krn,https://verovio.humdrum.org/?file=users/craig/songs/creighton/nova/nova015.krn,kern/nova015.krn,kern,cc0ffd34e3503eddc219aa8653cfb513,Craig Stuart Sapp (music and bibliographic data)                       ,Mr. Richard Hartlan
nova016,Butcher Boy,Butcher Boy,Canada; Nova Scotia,,,Folksongs of Maritime Canada,1928///-1932///,Helen Creighton,,creighton1932nova,33,16,,,,,,,,,,,,False,True,,,,https://github.com/craigsapp/creighton-nova-scotia/blob/master/kern/nova016.krn,https://verovio.humdrum.org/?file=users/craig/songs/creighton/nova/nova016.krn,kern/nova016.krn,kern,f119c16a9ea2d3f8560a6d0e3b0c6be4,Craig Stuart Sapp (music and bibliographic data)                       ,Mr. Edward Hartley
nova017,Diana and Sweet William,Diana and Sweet William,Canada; Nova Scotia,,,Folksongs of Maritime Canada,1928///-1932///,Helen Creighton,,creighton1932nova,34,17,,,,,,,,,,,,False,True,,,,https://github.com/craigsapp/creighton-nova-scotia/blob/master/kern/nova017.krn,https://verovio.humdrum.org/?file=users/craig/songs/creighton/nova/nova017.krn,kern/nova017.krn,kern,34900254521d1d2d355782355c989f5c,Craig Stuart Sapp (music and bibliographic data)                       ,Mr. Ben Henneberry
nova018,Villikens and His Dinah,Villikens and His Dinah,Canada; Nova Scotia,,,Folksongs of Maritime Canada,1928///-1932///,Helen Creighton,,creighton1932nova,36,18,,,,,,,,,,,,False,True,,,,https://github.com/craigsapp/creighton-nova-scotia/blob/master/kern/nova018.krn,https://verovio.humdrum.org/?file=users/craig/songs/creighton/nova/nova018.krn,kern/nova018.krn,kern,fef8f309187881ab20a974973ef5a95b,Craig Stuart Sapp (music and bibliographic data)                       ,Miss Marion Henneberry and Miss Audrey Henneberry
nova019,Green Bushes,Green Bushes,Canada; Nova Scotia,,,Folksongs of Maritime Canada,1928///-1932///,Helen Creighton,,creighton1932nova,38,19,,,,,,,,,,,,False,True,,,,https://github.com/craigsapp/creighton-nova-scotia/blob/master/kern/nova019.krn,https://verovio.humdrum.org/?file=users/craig/songs/creighton/nova/nova019.krn,kern/nova019.krn,kern,e61475610ab6ef5552a39cd0f1dbf74f,Craig Stuart Sapp (music and bibliographic data)                       ,Mr. Richard Hartlan
nova020,I Wrote My Love a Letter,I Wrote My Love a Letter,Canada; Nova Scotia,,,Folksongs of Maritime Canada,1928///-1932///,Helen Creighton,,creighton1932nova,40,20,,,,,,,,,,,,False,True,,,,https://github.com/craigsapp/creighton-nova-scotia/blob/master/kern/nova020.krn,https://verovio.humdrum.org/?file=users/craig/songs/creighton/nova/nova020.krn,kern/nova020.krn,kern,727b387d7bd3d6ab31e2a742b12afcf7,Craig Stuart Sapp (music and bibliographic data)                       ,Miss Muriel Henneberry
nova021,James McDonald,James McDonald,Canada; Nova Scotia,,,Folksongs of Maritime Canada,1928///-1932///,Helen Creighton,,creighton1932nova,42,21,,,,,,,,,,,,False,True,,,,https://github.com/craigsapp/creighton-nova-scotia/blob/master/kern/nova021.krn,https://verovio.humdrum.org/?file=users/craig/songs/creighton/nova/nova021.krn,kern/nova021.krn,kern,254924bba902b2dc4e16174abcaede3a,Craig Stuart Sapp (music and bibliographic data)                       ,Mr. Allan Henneberry
nova022,Jocky Said to Jinnie,Jocky Said to Jinnie,Canada; Nova Scotia,,,Folksongs of Maritime Canada,1928///-1932///,Helen Creighton,,creighton1932nova,45,22,,,,,,,,,,,,False,True,,,,https://github.com/craigsapp/creighton-nova-scotia/blob/master/kern/nova022.krn,https://verovio.humdrum.org/?file=users/craig/songs/creighton/nova/nova022.krn,kern/nova022.krn,kern,98542b69d3131ec97c8b7f35542ad508,Craig Stuart Sapp (music and bibliographic data)                       ,Mrs. William McNab
nova023,Quaker's Courtship,Quaker's Courtship,Canada; Nova Scotia,,,Folksongs of Maritime Canada,1928///-1932///,Helen Creighton,,creighton1932nova,46,23,,,,,,,,,,,,False,True,,,,https://github.com/craigsapp/creighton-nova-scotia/blob/master/kern/nova023.krn,https://verovio.humdrum.org/?file=users/craig/songs/creighton/nova/nova023.krn,kern/nova023.krn,kern,d30c4a24dfb0f10a5f89cac73e2b0cf8,Craig Stuart Sapp (music and bibliographic data)                       ,Mr. Ben Henneberry
nova024,Rich Counsellor,Rich Counsellor,Canada; Nova Scotia,,,Folksongs of Maritime Canada,1928///-1932///,Helen Creighton,,creighton1932nova,47,24,,,,,,,,,,,,False,True,,,,https://github.com/craigsapp/creighton-nova-scotia/blob/master/kern/nova024.krn,https://verovio.humdrum.org/?file=users/craig/songs/creighton/nova/nova024.krn,kern/nova024.krn,kern,9e9d9bbd37e0bcef1a08be8445c46ac0,Craig Stuart Sapp (music and bibliographic data)                       ,Mr. Ben Henneberry
nova025,Silvy,Silvy,Canada; Nova Scotia,,,Folksongs of Maritime Canada,1928///-1932///,Helen Creighton,,creighton1932nova,51,25,,,,,,,,,,,,False,True,,,,https://github.com/craigsapp/creighton-nova-scotia/blob/master/kern/nova025.krn,https://verovio.humdrum.org/?file=users/craig/songs/creighton/nova/nova025.krn,kern/nova025.krn,kern,b268024450807e654666352dc195fd2a,Craig Stuart Sapp (music and bibliographic data)                       ,Mr. Ben Henneberry
nova026,When I Was in My Prime,When I Was in My Prime,Canada; Nova Scotia,,,Folksongs of Maritime Canada,1928///-1932///,Helen Creighton,,creighton1932nova,53,26,,,,,,,,,,,,False,True,,,,https://github.com/craigsapp/creighton-nova-scotia/blob/master/kern/nova026.krn,https://verovio.humdrum.org/?file=users/craig/songs/creighton/nova/nova026.krn,kern/nova026.krn,kern,4ff9f19f3703b3d9e151e7565f2a14d4,Craig Stuart Sapp (music and bibliographic data)                       ,Mr. Enos Hartlan
nova027,Broken Ring Song Fragment,Broken Ring Song Fragment,Canada; Nova Scotia,,,Folksongs of Maritime Canada,1928///-1932///,Helen Creighton,,creighton1932nova,55,27,,,,,,,,,,,,False,True,,,,https://github.com/craigsapp/creighton-nova-scotia/blob/master/kern/nova027.krn,https://verovio.humdrum.org/?file=users/craig/songs/creighton/nova/nova027.krn,kern/nova027.krn,kern,dd15abce08d4e142d93ad063fe7bb293,Craig Stuart Sapp (music and bibliographic data)                       ,Mr. Edward Hartley
nova028,Broken Ring,Broken Ring,Canada; Nova Scotia,,,Folksongs of Maritime Canada,1928///-1932///,Helen Creighton,,creighton1932nova,56,28,,,,,,,,,,,,False,True,,,,https://github.com/craigsapp/creighton-nova-scotia/blob/master/kern/nova028.krn,https://verovio.humdrum.org/?file=users/craig/songs/creighton/nova/nova028.krn,kern/nova028.krn,kern,9aad2cba5e0458353b87d85202ab781c,Craig Stuart Sapp (music and bibliographic data)                       ,Mrs. Agnes Gorham
nova029,The Dark-Eyed Sailor,The Dark-Eyed Sailor,Canada; Nova Scotia,,,Folksongs of Maritime Canada,1928///-1932///,Helen Creighton,,creighton1932nova,58,29,,,,,,,,,,,,False,True,,,,https://github.com/craigsapp/creighton-nova-scotia/blob/master/kern/nova029.krn,https://verovio.humdrum.org/?file=users/craig/songs/creighton/nova/nova029.krn,kern/nova029.krn,kern,114cdf94ed75aba8a1aa1f77371d9d5c,Craig Stuart Sapp (music and bibliographic data)                       ,Mrs. Thomas Osborne
nova030,Mantle So Green,Mantle So Green,Canada; Nova Scotia,,,Folksongs of Maritime Canada,1928///-1932///,Helen Creighton,,creighton1932nova,60,30,,,,,,,,,,,,False,True,,,,https://github.com/craigsapp/creighton-nova-scotia/blob/master/kern/nova030.krn,https://verovio.humdrum.org/?file=users/craig/songs/creighton/nova/nova030.krn,kern/nova030.krn,kern,b945dc1feebb772ad39192d31fdcc26a,Craig Stuart Sapp (music and bibliographic data)                       ,Mr. Ben Henneberry
nova031,Bessie Beauty,Bessie Beauty,Canada; Nova Scotia,,,Folksongs of Maritime Canada,1928///-1932///,Helen Creighton,,creighton1932nova,62,31,,,,,,,,,,,,False,True,,,,https://github.com/craigsapp/creighton-nova-scotia/blob/master/kern/nova031.krn,https://verovio.humdrum.org/?file=users/craig/songs/creighton/nova/nova031.krn,kern/nova031.krn,kern,48685cb62c33ab27e6e597986e96f20b,Craig Stuart Sapp (music and bibliographic data)                       ,Mr. Al Coolen
nova032,Billy Taylor,Billy Taylor,Canada; Nova Scotia,,,Folksongs of Maritime Canada,1928///-1932///,Helen Creighton,,creighton1932nova,64,32,,,,,,,,,,,,False,True,,,,https://github.com/craigsapp/creighton-nova-scotia/blob/master/kern/nova032.krn,https://verovio.humdrum.org/?file=users/craig/songs/creighton/nova/nova032.krn,kern/nova032.krn,kern,3a18e993fb9783682ca51198f1643ffc,Craig Stuart Sapp (music and bibliographic data)                       ,Mrs. William McNab
nova033,Caroline and Her Young Sailor Bold,Caroline and Her Young Sailor Bold,Canada; Nova Scotia,,,Folksongs of Maritime Canada,1928///-1932///,Helen Creighton,,creighton1932nova,66,33,,,,,,,,,,,,False,True,,,,https://github.com/craigsapp/creighton-nova-scotia/blob/master/kern/nova033.krn,https://verovio.humdrum.org/?file=users/craig/songs/creighton/nova/nova033.krn,kern/nova033.krn,kern,f4962d98769704ab5d726acf8ed563bf,Craig Stuart Sapp (music and bibliographic data)                       ,Mrs. Thomas Osborne
nova034,Female Sailor Bold,Female Sailor Bold,Canada; Nova Scotia,,,Folksongs of Maritime Canada,1928///-1932///,Helen Creighton,,creighton1932nova,68,34,,,,,,,,,,,,False,True,,,,https://github.com/craigsapp/creighton-nova-scotia/blob/master/kern/nova034.krn,https://verovio.humdrum.org/?file=users/craig/songs/creighton/nova/nova034.krn,kern/nova034.krn,kern,887e6047db3d33d403f45b8b99a28407,Craig Stuart Sapp (music and bibliographic data)                       ,Mr. Ben Henneberry
nova035,The Gay Spanish Maid,The Gay Spanish Maid,Canada; Nova Scotia,,,Folksongs of Maritime Canada,1928///-1932///,Helen Creighton,,creighton1932nova,71,35,,,,,,,,,,,,False,True,,,,https://github.com/craigsapp/creighton-nova-scotia/blob/master/kern/nova035.krn,https://verovio.humdrum.org/?file=users/craig/songs/creighton/nova/nova035.krn,kern/nova035.krn,kern,c263d5ffc1c35768942dbf9576811f95,Craig Stuart Sapp (music and bibliographic data)                       ,Mrs. Grantmyre
nova036,Gallant Brigantine,Gallant Brigantine,Canada; Nova Scotia,,,Folksongs of Maritime Canada,1928///-1932///,Helen Creighton,,creighton1932nova,73,36,,,,,,,,,,,,False,True,,,,https://github.com/craigsapp/creighton-nova-scotia/blob/master/kern/nova036.krn,https://verovio.humdrum.org/?file=users/craig/songs/creighton/nova/nova036.krn,kern/nova036.krn,kern,01b17155fe29a179f5594f65b39a6374,Craig Stuart Sapp (music and bibliographic data)                       ,Mr. Tom Henneberry and Mr. Ben Henneberry
nova037,Homeward Bound,Homeward Bound,Canada; Nova Scotia,,,Folksongs of Maritime Canada,1928///-1932///,Helen Creighton,,creighton1932nova,75,37,,,,,,,,,,,,False,True,,,,https://github.com/craigsapp/creighton-nova-scotia/blob/master/kern/nova037.krn,https://verovio.humdrum.org/?file=users/craig/songs/creighton/nova/nova037.krn,kern/nova037.krn,kern,dd479b9f5b54472ee5e51b9377abe07d,Craig Stuart Sapp (music and bibliographic data)                       ,Mr. Ben Henneberry
nova038,It Is of a Rich Lady,It Is of a Rich Lady,Canada; Nova Scotia,,,Folksongs of Maritime Canada,1928///-1932///,Helen Creighton,,creighton1932nova,76,38,,,,,,,,,,,,False,True,,,,https://github.com/craigsapp/creighton-nova-scotia/blob/master/kern/nova038.krn,https://verovio.humdrum.org/?file=users/craig/songs/creighton/nova/nova038.krn,kern/nova038.krn,kern,d4655beb83899ab1b2847271d576f793,Craig Stuart Sapp (music and bibliographic data)                       ,Mr. Richard Hartlan
nova039,Jack the Sailor,Jack the Sailor,Canada; Nova Scotia,,,Folksongs of Maritime Canada,1928///-1932///,Helen Creighton,,creighton1932nova,78,39,,,,,,,,,,,,False,True,,,,https://github.com/craigsapp/creighton-nova-scotia/blob/master/kern/nova039.krn,https://verovio.humdrum.org/?file=users/craig/songs/creighton/nova/nova039.krn,kern/nova039.krn,kern,819a20efeef0abd21782954a49c36375,Craig Stuart Sapp (music and bibliographic data)                       ,
nova040,Jack Robson,Jack Robson,Canada; Nova Scotia,,,Folksongs of Maritime Canada,1928///-1932///,Helen Creighton,,creighton1932nova,79,40,,,,,,,,,,,,False,True,,,,https://github.com/craigsapp/creighton-nova-scotia/blob/master/kern/nova040.krn,https://verovio.humdrum.org/?file=users/craig/songs/creighton/nova/nova040.krn,kern/nova040.krn,kern,af695257406c1f4c3300330cdb58cc7c,Craig Stuart Sapp (music and bibliographic data)                       ,Mr. Ben Henneberry
nova041,Jimmie and Nancy,Jimmie and Nancy,Canada; Nova Scotia,,,Folksongs of Maritime Canada,1928///-1932///,Helen Creighton,,creighton1932nova,81,41,,,,,,,,,,,,False,True,,,,https://github.com/craigsapp/creighton-nova-scotia/blob/master/kern/nova041.krn,https://verovio.humdrum.org/?file=users/craig/songs/creighton/nova/nova041.krn,kern/nova041.krn,kern,d6909a6064fa0f61210f891ab5a6c8d8,Craig Stuart Sapp (music and bibliographic data)                       ,Mr. Ben Henneberry
nova042,Lily of the West,Lily of the West,Canada; Nova Scotia,,,Folksongs of Maritime Canada,1928///-1932///,Helen Creighton,,creighton1932nova,84,42,,,,,,,,,,,,False,True,,,,https://github.com/craigsapp/creighton-nova-scotia/blob/master/kern/nova042.krn,https://verovio.humdrum.org/?file=users/craig/songs/creighton/nova/nova042.krn,kern/nova042.krn,kern,27f8010631b428710b69b5236494b500,Craig Stuart Sapp (music and bibliographic data)                       ,Ms. Ruth Purdy
nova043,Lion's Den,Lion's Den,Canada; Nova Scotia,,,Folksongs of Maritime Canada,1928///-1932///,Helen Creighton,,creighton1932nova,87,43,,,,,,,,,,,,False,True,,,,https://github.com/craigsapp/creighton-nova-scotia/blob/master/kern/nova043.krn,https://verovio.humdrum.org/?file=users/craig/songs/creighton/nova/nova043.krn,kern/nova043.krn,kern,062c653debc5b37fa46f5eeeb201cfb0,Craig Stuart Sapp (music and bibliographic data)                       ,Mr. Ben Henneberry
nova044a,My Sailor Lad,My Sailor Lad,Canada; Nova Scotia,,,Folksongs of Maritime Canada,1928///-1932///,Helen Creighton,,creighton1932nova,89,,,,,,,,,,,,,False,True,,,,https://github.com/craigsapp/creighton-nova-scotia/blob/master/kern/nova044a.krn,https://verovio.humdrum.org/?file=users/craig/songs/creighton/nova/nova044a.krn,kern/nova044a.krn,kern,cfabf342d10de9745014dbc97f35c80a,Craig Stuart Sapp (music and bibliographic data)                       ,Miss Muriel Henneberry
nova044b,Sailor Bold,Sailor Bold,Canada; Nova Scotia,,,Folksongs of Maritime Canada,1928///-1932///,Helen Creighton,,creighton1932nova,90,,,,,,,,,,,,,False,True,,,,https://github.com/craigsapp/creighton-nova-scotia/blob/master/kern/nova044b.krn,https://verovio.humdrum.org/?file=users/craig/songs/creighton/nova/nova044b.krn,kern/nova044b.krn,kern,f06bf690601ea33e26723eaa5e7e8034,Craig Stuart Sapp (music and bibliographic data)                       ,Mrs. Charles Kelly
nova045,Prentice Boy,Prentice Boy,Canada; Nova Scotia,,,Folksongs of Maritime Canada,1928///-1932///,Helen Creighton,,creighton1932nova,92,45,,,,,,,,,,,,False,True,,,,https://github.com/craigsapp/creighton-nova-scotia/blob/master/kern/nova045.krn,https://verovio.humdrum.org/?file=users/craig/songs/creighton/nova/nova045.krn,kern/nova045.krn,kern,1e8e63d8ba17d63ec885f89bfb4ea4ee,Craig Stuart Sapp (music and bibliographic data)                       ,Mr. Ben Henneberry
nova046,Pretty Polly,Pretty Polly,Canada; Nova Scotia,,,Folksongs of Maritime Canada,1928///-1932///,Helen Creighton,,creighton1932nova,94,46,,,,,,,,,,,,False,True,,,,https://github.com/craigsapp/creighton-nova-scotia/blob/master/kern/nova046.krn,https://verovio.humdrum.org/?file=users/craig/songs/creighton/nova/nova046.krn,kern/nova046.krn,kern,69a113ebc3fdf231a2f14bd31d0d9887,Craig Stuart Sapp (music and bibliographic data)                       ,Mrs. William McNab
nova047,Rambling Rover,Rambling Rover,Canada; Nova Scotia,,,Folksongs of Maritime Canada,1928///-1932///,Helen Creighton,,creighton1932nova,95,47,,,,,,,,,,,,False,True,,,,https://github.com/craigsapp/creighton-nova-scotia/blob/master/kern/nova047.krn,https://verovio.humdrum.org/?file=users/craig/songs/creighton/nova/nova047.krn,kern/nova047.krn,kern,acd12446cb68c1219623c3d99b4106dc,Craig Stuart Sapp (music and bibliographic data)                       ,Mr. Ben Henneberry
nova048,Rose of Britain's Isle,Rose of Britain's Isle,Canada; Nova Scotia,,,Folksongs of Maritime Canada,1928///-1932///,Helen Creighton,,creighton1932nova,96,48,,,,,,,,,,,,False,True,,,,https://github.com/craigsapp/creighton-nova-scotia/blob/master/kern/nova048.krn,https://verovio.humdrum.org/?file=users/craig/songs/creighton/nova/nova048.krn,kern/nova048.krn,kern,0e6bc59f7cb952ede68dfd0684eb3db3,Craig Stuart Sapp (music and bibliographic data)                       ,Mr. Ben Henneberry
nova049,A Sailor Courted,A Sailor Courted,Canada; Nova Scotia,,,Folksongs of Maritime Canada,1928///-1932///,Helen Creighton,,creighton1932nova,99,49,,,,,,,,,,,,False,True,,,,https://github.com/craigsapp/creighton-nova-scotia/blob/master/kern/nova049.krn,https://verovio.humdrum.org/?file=users/craig/songs/creighton/nova/nova049.krn,kern/nova049.krn,kern,393e7acafb726fb3dad51c0043213808,Craig Stuart Sapp (music and bibliographic data)                       ,Mr. Ben Henneberry
nova050,When I Was a Young Man,When I Was a Young Man,Canada; Nova Scotia,,,Folksongs of Maritime Canada,1928///-1932///,Helen Creighton,,creighton1932nova,101,50,,,,,,,,,,,,False,True,,,,https://github.com/craigsapp/creighton-nova-scotia/blob/master/kern/nova050.krn,https://verovio.humdrum.org/?file=users/craig/songs/creighton/nova/nova050.krn,kern/nova050.krn,kern,84510b6d64fd4cfd18f246b4f873dd9d,Craig Stuart Sapp (music and bibliographic data)                       ,Mr. Enos Hartlan
nova051,Young Indian Lass,Young Indian Lass,Canada; Nova Scotia,,,Folksongs of Maritime Canada,1928///-1932///,Helen Creighton,,creighton1932nova,103,51,,,,,,,,,,,,False,True,,,,https://github.com/craigsapp/creighton-nova-scotia/blob/master/kern/nova051.krn,https://verovio.humdrum.org/?file=users/craig/songs/creighton/nova/nova051.krn,kern/nova051.krn,kern,1fce909347fa3c407447893e3031154f,Craig Stuart Sapp (music and bibliographic data)                       ,Mr. Richard Hartlan
nova052,Bay of Biscay Oh,Bay of Biscay Oh,Canada; Nova Scotia,,,Folksongs of Maritime Canada,1928///-1932///,Helen Creighton,,creighton1932nova,105,52,,,,,,,,,,,,False,True,,,,https://github.com/craigsapp/creighton-nova-scotia/blob/master/kern/nova052.krn,https://verovio.humdrum.org/?file=users/craig/songs/creighton/nova/nova052.krn,kern/nova052.krn,kern,0f4b6def75aa4a3f1cc3408a2a6f37fe,Craig Stuart Sapp (music and bibliographic data)                       ,Mr. Ben Henneberry
nova053,Bold Princess Royal,Bold Princess Royal,Canada; Nova Scotia,,,Folksongs of Maritime Canada,1928///-1932///,Helen Creighton,,creighton1932nova,107,53,,,,,,,,,,,,False,True,,,,https://github.com/craigsapp/creighton-nova-scotia/blob/master/kern/nova053.krn,https://verovio.humdrum.org/?file=users/craig/songs/creighton/nova/nova053.krn,kern/nova053.krn,kern,c8a7ca8a01a107fa38aaacde09bb8fff,Craig Stuart Sapp (music and bibliographic data)                       ,Mr. William Faulkner
nova054,Captain Burke,Captain Burke,Canada; Nova Scotia,,,Folksongs of Maritime Canada,1928///-1932///,Helen Creighton,,creighton1932nova,109,54,,,,,,,,,,,,False,True,,,,https://github.com/craigsapp/creighton-nova-scotia/blob/master/kern/nova054.krn,https://verovio.humdrum.org/?file=users/craig/songs/creighton/nova/nova054.krn,kern/nova054.krn,kern,72f936ffc6c6d927ca41f59fccb81cd7,Craig Stuart Sapp (music and bibliographic data)                       ,Mr. Richard Hartlan
nova055,Captain Glen,Captain Glen,Canada; Nova Scotia,,,Folksongs of Maritime Canada,1928///-1932///,Helen Creighton,,creighton1932nova,111,55,,,,,,,,,,,,False,True,,,,https://github.com/craigsapp/creighton-nova-scotia/blob/master/kern/nova055.krn,https://verovio.humdrum.org/?file=users/craig/songs/creighton/nova/nova055.krn,kern/nova055.krn,kern,08d0a16395ddce8cd8b066baa7958c8a,Craig Stuart Sapp (music and bibliographic data)                       ,Mr. Ben Henneberry
nova056,Chanty Song (a),Chanty Song (a),Canada; Nova Scotia,,,Folksongs of Maritime Canada,1928///-1932///,Helen Creighton,,creighton1932nova,113,56,,,,,,,,,,,,False,True,,,,https://github.com/craigsapp/creighton-nova-scotia/blob/master/kern/nova056.krn,https://verovio.humdrum.org/?file=users/craig/songs/creighton/nova/nova056.krn,kern/nova056.krn,kern,d413b0934354880d859e83591224631a,Craig Stuart Sapp (music and bibliographic data)                       ,Mr. Richard Hartlan
nova057,Chanty Song (b),Chanty Song (b),Canada; Nova Scotia,,,Folksongs of Maritime Canada,1928///-1932///,Helen Creighton,,creighton1932nova,115,57,,,,,,,,,,,,False,True,,,,https://github.com/craigsapp/creighton-nova-scotia/blob/master/kern/nova057.krn,https://verovio.humdrum.org/?file=users/craig/songs/creighton/nova/nova057.krn,kern/nova057.krn,kern,1866cd3a13d5f92dff95d97ead366de2,Craig Stuart Sapp (music and bibliographic data)                       ,Mr. Richard Hartlan
nova058,City of Baltimore,City of Baltimore,Canada; Nova Scotia,,,Folksongs of Maritime Canada,1928///-1932///,Helen Creighton,,creighton1932nova,117,58,,,,,,,,,,,,False,True,,,,https://github.com/craigsapp/creighton-nova-scotia/blob/master/kern/nova058.krn,https://verovio.humdrum.org/?file=users/craig/songs/creighton/nova/nova058.krn,kern/nova058.krn,kern,63c8507364660acb5c2af610f387ec23,Craig Stuart Sapp (music and bibliographic data)                       ,Mr. Ben Henneberry
nova059,Come All Ye Old Comrades,Come All Ye Old Comrades,Canada; Nova Scotia,,,Folksongs of Maritime Canada,1928///-1932///,Helen Creighton,,creighton1932nova,120,59,,,,,,,,,,,,False,True,,,,https://github.com/craigsapp/creighton-nova-scotia/blob/master/kern/nova059.krn,https://verovio.humdrum.org/?file=users/craig/songs/creighton/nova/nova059.krn,kern/nova059.krn,kern,14b5a7521e24c0771722eb4d5b8d38bc,Craig Stuart Sapp (music and bibliographic data)                       ,Mr. Patrick Williams
nova060,Crocodile Song,Crocodile Song,Canada; Nova Scotia,,,Folksongs of Maritime Canada,1928///-1932///,Helen Creighton,,creighton1932nova,122,60,,,,,,,,,,,,False,True,,,,https://github.com/craigsapp/creighton-nova-scotia/blob/master/kern/nova060.krn,https://verovio.humdrum.org/?file=users/craig/songs/creighton/nova/nova060.krn,kern/nova060.krn,kern,f48c1e5d769d763dacd8a96938ee15f8,Craig Stuart Sapp (music and bibliographic data)                       ,Mr. Enos Hartlan
nova061,Donald Munro,Donald Munro,Canada; Nova Scotia,,,Folksongs of Maritime Canada,1928///-1932///,Helen Creighton,,creighton1932nova,124,61,,,,,,,,,,,,False,True,,,,https://github.com/craigsapp/creighton-nova-scotia/blob/master/kern/nova061.krn,https://verovio.humdrum.org/?file=users/craig/songs/creighton/nova/nova061.krn,kern/nova061.krn,kern,6d138ccb0a6b5294bebada281c49cee7,Craig Stuart Sapp (music and bibliographic data)                       ,Mr. Ben Henneberry
nova062,Flying Cloud,Flying Cloud,Canada; Nova Scotia,,,Folksongs of Maritime Canada,1928///-1932///,Helen Creighton,,creighton1932nova,126,62,,,,,,,,,,,,False,True,,,,https://github.com/craigsapp/creighton-nova-scotia/blob/master/kern/nova062.krn,https://verovio.humdrum.org/?file=users/craig/songs/creighton/nova/nova062.krn,kern/nova062.krn,kern,1d8cdcfc9bc444ebd46f7b6cade684c7,Craig Stuart Sapp (music and bibliographic data)                       ,Mr. Richard Hartlan
nova063,Van Diemen's Land,Van Diemen's Land,Canada; Nova Scotia,,,Folksongs of Maritime Canada,1928///-1932///,Helen Creighton,,creighton1932nova,131,63,,,,,,,,,,,,False,True,,,,https://github.com/craigsapp/creighton-nova-scotia/blob/master/kern/nova063.krn,https://verovio.humdrum.org/?file=users/craig/songs/creighton/nova/nova063.krn,kern/nova063.krn,kern,2ae303ba745f5396630a0cff9bd730e0,Craig Stuart Sapp (music and bibliographic data)                       ,Mr. Ben Henneberry
nova064,Western Ocean,Western Ocean,Canada; Nova Scotia,,,Folksongs of Maritime Canada,1928///-1932///,Helen Creighton,,creighton1932nova,133,64,,,,,,,,,,,,False,True,,,,https://github.com/craigsapp/creighton-nova-scotia/blob/master/kern/nova064.krn,https://verovio.humdrum.org/?file=users/craig/songs/creighton/nova/nova064.krn,kern/nova064.krn,kern,92d27346a367997627191de465611e5c,Craig Stuart Sapp (music and bibliographic data)                       ,Mr. Richard Hartlan and family
nova065,Wild Rover,Wild Rover,Canada; Nova Scotia,,,Folksongs of Maritime Canada,1928///-1932///,Helen Creighton,,creighton1932nova,134,65,,,,,,,,,,,,False,True,,,,https://github.com/craigsapp/creighton-nova-scotia/blob/master/kern/nova065.krn,https://verovio.humdrum.org/?file=users/craig/songs/creighton/nova/nova065.krn,kern/nova065.krn,kern,2345b0dc8533b523eded9d8423a721b3,Craig Stuart Sapp (music and bibliographic data)                       ,Mr. Faulkner
nova066,Ye Gentlemen of England,Ye Gentlemen of England,Canada; Nova Scotia,,,Folksongs of Maritime Canada,1928///-1932///,Helen Creighton,,creighton1932nova,136,66,,,,,,,,,,,,False,True,,,,https://github.com/craigsapp/creighton-nova-scotia/blob/master/kern/nova066.krn,https://verovio.humdrum.org/?file=users/craig/songs/creighton/nova/nova066.krn,kern/nova066.krn,kern,9f01488c31ea8e2b1531025f2c416271,Craig Stuart Sapp (music and bibliographic data)                       ,Mr. Ben Henneberry
nova067,Battle of Alma,Battle of Alma,Canada; Nova Scotia,,,Folksongs of Maritime Canada,1928///-1932///,Helen Creighton,,creighton1932nova,138,67,,,,,,,,,,,,False,True,,,,https://github.com/craigsapp/creighton-nova-scotia/blob/master/kern/nova067.krn,https://verovio.humdrum.org/?file=users/craig/songs/creighton/nova/nova067.krn,kern/nova067.krn,kern,24886f276b73bce4a33e8f9df6e84e0f,Craig Stuart Sapp (music and bibliographic data)                       ,Mr. Ben Henneberry
nova068,Bonny Bunch of Roses O,Bonny Bunch of Roses O,Canada; Nova Scotia,,,Folksongs of Maritime Canada,1928///-1932///,Helen Creighton,,creighton1932nova,140,68,,,,,,,,,,,,False,True,,,,https://github.com/craigsapp/creighton-nova-scotia/blob/master/kern/nova068.krn,https://verovio.humdrum.org/?file=users/craig/songs/creighton/nova/nova068.krn,kern/nova068.krn,kern,3e5926bef9cffb62079011ab2593f0c9,Craig Stuart Sapp (music and bibliographic data)                       ,Mr. Alexander Henneberry
nova069,Bonny Light Horseman,Bonny Light Horseman,Canada; Nova Scotia,,,Folksongs of Maritime Canada,1928///-1932///,Helen Creighton,,creighton1932nova,143,69,,,,,,,,,,,,False,True,,,,https://github.com/craigsapp/creighton-nova-scotia/blob/master/kern/nova069.krn,https://verovio.humdrum.org/?file=users/craig/songs/creighton/nova/nova069.krn,kern/nova069.krn,kern,4cc91aed8372e8516f94d6721a7b3a62,Craig Stuart Sapp (music and bibliographic data)                       ,Mr. Ben Henneberry
nova070,Drummer Boy,Drummer Boy,Canada; Nova Scotia,,,Folksongs of Maritime Canada,1928///-1932///,Helen Creighton,,creighton1932nova,145,70,,,,,,,,,,,,False,True,,,,https://github.com/craigsapp/creighton-nova-scotia/blob/master/kern/nova070.krn,https://verovio.humdrum.org/?file=users/craig/songs/creighton/nova/nova070.krn,kern/nova070.krn,kern,ae36e8f8bce0fc85934cb898d8975743,Craig Stuart Sapp (music and bibliographic data)                       ,Mrs. William McNab
nova071,Erin Far Away,Erin Far Away,Canada; Nova Scotia,,,Folksongs of Maritime Canada,1928///-1932///,Helen Creighton,,creighton1932nova,146,71,,,,,,,,,,,,False,True,,,,https://github.com/craigsapp/creighton-nova-scotia/blob/master/kern/nova071.krn,https://verovio.humdrum.org/?file=users/craig/songs/creighton/nova/nova071.krn,kern/nova071.krn,kern,b3866ac9cec6f3c74e069caeb727a005,Craig Stuart Sapp (music and bibliographic data)                       ,Mr. Ben Henneberry
nova072,Napoleon's Farewell to Paris,Napoleon's Farewell to Paris,Canada; Nova Scotia,,,Folksongs of Maritime Canada,1928///-1932///,Helen Creighton,,creighton1932nova,148,72,,,,,,,,,,,,False,True,,,,https://github.com/craigsapp/creighton-nova-scotia/blob/master/kern/nova072.krn,https://verovio.humdrum.org/?file=users/craig/songs/creighton/nova/nova072.krn,kern/nova072.krn,kern,7e98fc884fe99901a798b5b996bb4754,Craig Stuart Sapp (music and bibliographic data)                       ,Mr. Ben Henneberry
nova073,Casey's Whiskey,Casey's Whiskey,Canada; Nova Scotia,,,Folksongs of Maritime Canada,1928///-1932///,Helen Creighton,,creighton1932nova,150,73,,,,,,,,,,,,False,True,,,,https://github.com/craigsapp/creighton-nova-scotia/blob/master/kern/nova073.krn,https://verovio.humdrum.org/?file=users/craig/songs/creighton/nova/nova073.krn,kern/nova073.krn,kern,da0a88089131786e6c6f7cee11efb721,Craig Stuart Sapp (music and bibliographic data)                       ,Mr. Ben Henneberry
nova074,Courtship of Willie Riley,Courtship of Willie Riley,Canada; Nova Scotia,,,Folksongs of Maritime Canada,1928///-1932///,Helen Creighton,,creighton1932nova,152,74,,,,,,,,,,,,False,True,,,,https://github.com/craigsapp/creighton-nova-scotia/blob/master/kern/nova074.krn,https://verovio.humdrum.org/?file=users/craig/songs/creighton/nova/nova074.krn,kern/nova074.krn,kern,a8f0f685399ad62b8d771ecde043275a,Craig Stuart Sapp (music and bibliographic data)                       ,Mr. Ben Henneberry
nova075,Doran's Ass,Doran's Ass,Canada; Nova Scotia,,,Folksongs of Maritime Canada,1928///-1932///,Helen Creighton,,creighton1932nova,163,75,,,,,,,,,,,,False,True,,,,https://github.com/craigsapp/creighton-nova-scotia/blob/master/kern/nova075.krn,https://verovio.humdrum.org/?file=users/craig/songs/creighton/nova/nova075.krn,kern/nova075.krn,kern,9fc713e0a2e54f71fbb6f4b2fd556362,Craig Stuart Sapp (music and bibliographic data)                       ,Mr. Ben Henneberry
nova076,Down by the Tan-Yard Side,Down by the Tan-Yard Side,Canada; Nova Scotia,,,Folksongs of Maritime Canada,1928///-1932///,Helen Creighton,,creighton1932nova,165,76,,,,,,,,,,,,False,True,,,,https://github.com/craigsapp/creighton-nova-scotia/blob/master/kern/nova076.krn,https://verovio.humdrum.org/?file=users/craig/songs/creighton/nova/nova076.krn,kern/nova076.krn,kern,b8d71dfd0988102e5decb56e0e0894b1,Craig Stuart Sapp (music and bibliographic data)                       ,Mr. Patrick Williams
nova077,The Green Mossy Banks of the Sea,The Green Mossy Banks of the Sea,Canada; Nova Scotia,,,Folksongs of Maritime Canada,1928///-1932///,Helen Creighton,,creighton1932nova,167,77,,,,,,,,,,,,False,True,,,,https://github.com/craigsapp/creighton-nova-scotia/blob/master/kern/nova077.krn,https://verovio.humdrum.org/?file=users/craig/songs/creighton/nova/nova077.krn,kern/nova077.krn,kern,d7aa02864d5aaf18e2fc76bfa8402191,Craig Stuart Sapp (music and bibliographic data)                       ,Mr. Faulkner and Mr. Patrick Williams
nova078,Jessie Munroe,Jessie Munroe,Canada; Nova Scotia,,,Folksongs of Maritime Canada,1928///-1932///,Helen Creighton,,creighton1932nova,169,78,,,,,,,,,,,,False,True,,,,https://github.com/craigsapp/creighton-nova-scotia/blob/master/kern/nova078.krn,https://verovio.humdrum.org/?file=users/craig/songs/creighton/nova/nova078.krn,kern/nova078.krn,kern,e93e5aecbf74b7f15dbb93a20f7a5b53,Craig Stuart Sapp (music and bibliographic data)                       ,Mr. Ben Henneberry
nova079,The Mantle of Green,The Mantle of Green,Canada; Nova Scotia,,,Folksongs of Maritime Canada,1928///-1932///,Helen Creighton,,creighton1932nova,171,79,,,,,,,,,,,,False,True,,,,https://github.com/craigsapp/creighton-nova-scotia/blob/master/kern/nova079.krn,https://verovio.humdrum.org/?file=users/craig/songs/creighton/nova/nova079.krn,kern/nova079.krn,kern,cdb73e70720c1120841afa4ae18a37c6,Craig Stuart Sapp (music and bibliographic data)                       ,Mrs. Jane Henneberry
nova080,Mary Nail,Mary Nail,Canada; Nova Scotia,,,Folksongs of Maritime Canada,1928///-1932///,Helen Creighton,,creighton1932nova,173,80,,,,,,,,,,,,False,True,,,,https://github.com/craigsapp/creighton-nova-scotia/blob/master/kern/nova080.krn,https://verovio.humdrum.org/?file=users/craig/songs/creighton/nova/nova080.krn,kern/nova080.krn,kern,4e887d1827d4cb6d1baf33798e309694,Craig Stuart Sapp (music and bibliographic data)                       ,Mr. Ben Henneberry
nova081,My Irish Polly,My Irish Polly,Canada; Nova Scotia,,,Folksongs of Maritime Canada,1928///-1932///,Helen Creighton,,creighton1932nova,175,81,,,,,,,,,,,,False,True,,,,https://github.com/craigsapp/creighton-nova-scotia/blob/master/kern/nova081.krn,https://verovio.humdrum.org/?file=users/craig/songs/creighton/nova/nova081.krn,kern/nova081.krn,kern,ddb74e26ea35919c88fb585b0285e3c0,Craig Stuart Sapp (music and bibliographic data)                       ,Miss Muriel Henneberry
nova082,Paddy Backwards,Paddy Backwards,Canada; Nova Scotia,,,Folksongs of Maritime Canada,1928///-1932///,Helen Creighton,,creighton1932nova,177,82,,,,,,,,,,,,False,True,,,,https://github.com/craigsapp/creighton-nova-scotia/blob/master/kern/nova082.krn,https://verovio.humdrum.org/?file=users/craig/songs/creighton/nova/nova082.krn,kern/nova082.krn,kern,53b00960431eb103e9544c08e03c8c68,Craig Stuart Sapp (music and bibliographic data)                       ,Mr. Richard Hartlan
nova083,Rambling Shoemaker,Rambling Shoemaker,Canada; Nova Scotia,,,Folksongs of Maritime Canada,1928///-1932///,Helen Creighton,,creighton1932nova,179,83,,,,,,,,,,,,False,True,,,,https://github.com/craigsapp/creighton-nova-scotia/blob/master/kern/nova083.krn,https://verovio.humdrum.org/?file=users/craig/songs/creighton/nova/nova083.krn,kern/nova083.krn,kern,2d51275c68666c0b502efdbec7597653,Craig Stuart Sapp (music and bibliographic data)                       ,Mr. Ben Henneberry
nova084,Since Love Can Enter an Iron Door,Since Love Can Enter an Iron Door,Canada; Nova Scotia,,,Folksongs of Maritime Canada,1928///-1932///,Helen Creighton,,creighton1932nova,181,84,,,,,,,,,,,,False,True,,,,https://github.com/craigsapp/creighton-nova-scotia/blob/master/kern/nova084.krn,https://verovio.humdrum.org/?file=users/craig/songs/creighton/nova/nova084.krn,kern/nova084.krn,kern,3240cd6851df7fbb2b65f2feec2b6ff5,Craig Stuart Sapp (music and bibliographic data)                       ,Mr. William Faulkner
nova085,Song of the Croppy Boy,Song of the Croppy Boy,Canada; Nova Scotia,,,Folksongs of Maritime Canada,1928///-1932///,Helen Creighton,,creighton1932nova,183,85,,,,,,,,,,,,False,True,,,,https://github.com/craigsapp/creighton-nova-scotia/blob/master/kern/nova085.krn,https://verovio.humdrum.org/?file=users/craig/songs/creighton/nova/nova085.krn,kern/nova085.krn,kern,ad70f66afb98e89bb841280c73194e67,Craig Stuart Sapp (music and bibliographic data)                       ,Mr. Richard Hartlan
nova086,Tim Finnigan's Wake,Tim Finnigan's Wake,Canada; Nova Scotia,,,Folksongs of Maritime Canada,1928///-1932///,Helen Creighton,,creighton1932nova,185,86,,,,,,,,,,,,False,True,,,,https://github.com/craigsapp/creighton-nova-scotia/blob/master/kern/nova086.krn,https://verovio.humdrum.org/?file=users/craig/songs/creighton/nova/nova086.krn,kern/nova086.krn,kern,fe1ad13aa9631145a2083938976d6cd3,Craig Stuart Sapp (music and bibliographic data)                       ,Mr. Frank Faulkner
nova087,Tom O'Neil,Tom O'Neil,Canada; Nova Scotia,,,Folksongs of Maritime Canada,1928///-1932///,Helen Creighton,,creighton1932nova,187,87,,,,,,,,,,,,False,True,,,,https://github.com/craigsapp/creighton-nova-scotia/blob/master/kern/nova087.krn,https://verovio.humdrum.org/?file=users/craig/songs/creighton/nova/nova087.krn,kern/nova087.krn,kern,0ce3f356426ef79cc3e8424034ae70c7,Craig Stuart Sapp (music and bibliographic data)                       ,Mr. Ben Henneberry
nova088,Whiskey in the Jar,Whiskey in the Jar,Canada; Nova Scotia,,,Folksongs of Maritime Canada,1928///-1932///,Helen Creighton,,creighton1932nova,192,88,,,,,,,,,,,,False,True,,,,https://github.com/craigsapp/creighton-nova-scotia/blob/master/kern/nova088.krn,https://verovio.humdrum.org/?file=users/craig/songs/creighton/nova/nova088.krn,kern/nova088.krn,kern,191cdeb8b4ead9f990d5b3123e80e01c,Craig Stuart Sapp (music and bibliographic data)                       ,Mr. Ben Henneberry
nova089,It Was a Mouse,It Was a Mouse,Canada; Nova Scotia,,,Folksongs of Maritime Canada,1928///-1932///,Helen Creighton,,creighton1932nova,194,89,,,,,,,,,,,,False,True,,,,https://github.com/craigsapp/creighton-nova-scotia/blob/master/kern/nova089.krn,https://verovio.humdrum.org/?file=users/craig/songs/creighton/nova/nova089.krn,kern/nova089.krn,kern,bd5241f6d8ea38f9c0311fb732e658d9,Craig Stuart Sapp (music and bibliographic data)                       ,Mr. Richard Hartlan
nova090,Me One Man,Me One Man,Canada; Nova Scotia,,,Folksongs of Maritime Canada,1928///-1932///,Helen Creighton,,creighton1932nova,196,90,,,,,,,,,,,,False,True,,,,https://github.com/craigsapp/creighton-nova-scotia/blob/master/kern/nova090.krn,https://verovio.humdrum.org/?file=users/craig/songs/creighton/nova/nova090.krn,kern/nova090.krn,kern,033e117fb9ea5cf855c7a4eaeb43702d,Craig Stuart Sapp (music and bibliographic data)                       ,Mr. Richard Hartlan
nova091,Old King Coul,Old King Coul,Canada; Nova Scotia,,,Folksongs of Maritime Canada,1928///-1932///,Helen Creighton,,creighton1932nova,197,91,,,,,,,,,,,,False,True,,,,https://github.com/craigsapp/creighton-nova-scotia/blob/master/kern/nova091.krn,https://verovio.humdrum.org/?file=users/craig/songs/creighton/nova/nova091.krn,kern/nova091.krn,kern,746a90c657af2bdb7f76f7dbcafe820c,Craig Stuart Sapp (music and bibliographic data)                       ,Mr. Richard Hartlan
nova092,On This Hill,On This Hill,Canada; Nova Scotia,,,Folksongs of Maritime Canada,1928///-1932///,Helen Creighton,,creighton1932nova,199,92,,,,,,,,,,,,False,True,,,,https://github.com/craigsapp/creighton-nova-scotia/blob/master/kern/nova092.krn,https://verovio.humdrum.org/?file=users/craig/songs/creighton/nova/nova092.krn,kern/nova092.krn,kern,94753ed8515f042188b8227530c4dba6,Craig Stuart Sapp (music and bibliographic data)                       ,Mr. Charles Hartlan
nova093,Three Men Went A-Hunting,Three Men Went A-Hunting,Canada; Nova Scotia,,,Folksongs of Maritime Canada,1928///-1932///,Helen Creighton,,creighton1932nova,201,93,,,,,,,,,,,,False,True,,,,https://github.com/craigsapp/creighton-nova-scotia/blob/master/kern/nova093.krn,https://verovio.humdrum.org/?file=users/craig/songs/creighton/nova/nova093.krn,kern/nova093.krn,kern,976bc099af0a2b7a4f96eaec711c64d7,Craig Stuart Sapp (music and bibliographic data)                       ,Mr. Richard Hartlan
nova094,The Miller,The Miller,Canada; Nova Scotia,,,Folksongs of Maritime Canada,1928///-1932///,Helen Creighton,,creighton1932nova,203,94,,,,,,,,,,,,False,True,,,,https://github.com/craigsapp/creighton-nova-scotia/blob/master/kern/nova094.krn,https://verovio.humdrum.org/?file=users/craig/songs/creighton/nova/nova094.krn,kern/nova094.krn,kern,7c771520831ea5f78c9bf6adc022d81d,Craig Stuart Sapp (music and bibliographic data)                       ,Mrs. William McNab
nova095,Mush a Doody,Mush a Doody,Canada; Nova Scotia,,,Folksongs of Maritime Canada,1928///-1932///,Helen Creighton,,creighton1932nova,205,95,,,,,,,,,,,,False,True,,,,https://github.com/craigsapp/creighton-nova-scotia/blob/master/kern/nova095.krn,https://verovio.humdrum.org/?file=users/craig/songs/creighton/nova/nova095.krn,kern/nova095.krn,kern,5c86666ba2d3b86517bbd7ed123bcc52,Craig Stuart Sapp (music and bibliographic data)                       ,Mrs. William McNab
nova096,Boston Burglar,Boston Burglar,Canada; Nova Scotia,,,Folksongs of Maritime Canada,1928///-1932///,Helen Creighton,,creighton1932nova,206,96,,,,,,,,,,,,False,True,,,,https://github.com/craigsapp/creighton-nova-scotia/blob/master/kern/nova096.krn,https://verovio.humdrum.org/?file=users/craig/songs/creighton/nova/nova096.krn,kern/nova096.krn,kern,86f471c0531718cf6305babcc5718998,Craig Stuart Sapp (music and bibliographic data)                       ,Mr. Tom Henneberry and Mr. Edward Hartley
nova097,The Three Gallant Huntsmen,The Three Gallant Huntsmen,Canada; Nova Scotia,,,Folksongs of Maritime Canada,1928///-1932///,Helen Creighton,,creighton1932nova,208,97,,,,,,,,,,,,False,True,,,,https://github.com/craigsapp/creighton-nova-scotia/blob/master/kern/nova097.krn,https://verovio.humdrum.org/?file=users/craig/songs/creighton/nova/nova097.krn,kern/nova097.krn,kern,2c1e678d0d2afbf036e61a84b0caa71a,Craig Stuart Sapp (music and bibliographic data)                       ,Mr. Ben Henneberry
nova098,Alphabet Song,Alphabet Song,Canada; Nova Scotia,,,Folksongs of Maritime Canada,1928///-1932///,Helen Creighton,,creighton1932nova,210,98,,,,,,,,,,,,False,True,,,,https://github.com/craigsapp/creighton-nova-scotia/blob/master/kern/nova098.krn,https://verovio.humdrum.org/?file=users/craig/songs/creighton/nova/nova098.krn,kern/nova098.krn,kern,15249bb332bf6f2e2399349b3ceaaf3e,Craig Stuart Sapp (music and bibliographic data)                       ,Mr. Ben Henneberry
nova099,American Woods,American Woods,Canada; Nova Scotia,,,Folksongs of Maritime Canada,1928///-1932///,Helen Creighton,,creighton1932nova,214,99,,,,,,,,,,,,False,True,,,,https://github.com/craigsapp/creighton-nova-scotia/blob/master/kern/nova099.krn,https://verovio.humdrum.org/?file=users/craig/songs/creighton/nova/nova099.krn,kern/nova099.krn,kern,fd8e23017d57ba96367b23144554919c,Craig Stuart Sapp (music and bibliographic data)                       ,Mr. Gordon Young
nova100,Now We Are Sailing,Now We Are Sailing,Canada; Nova Scotia,,,Folksongs of Maritime Canada,1928///-1932///,Helen Creighton,,creighton1932nova,216,100,,,,,,,,,,,,False,True,,,,https://github.com/craigsapp/creighton-nova-scotia/blob/master/kern/nova100.krn,https://verovio.humdrum.org/?file=users/craig/songs/creighton/nova/nova100.krn,kern/nova100.krn,kern,1a511469ed144e1a26ec12c61053119a,Craig Stuart Sapp (music and bibliographic data)                       ,Mr. Charles Hartlan
nova101,Back Bay Hill,Back Bay Hill,Canada; Nova Scotia,,,Folksongs of Maritime Canada,1928///-1932///,Helen Creighton,,creighton1932nova,217,101,,,,,,,,,,,,False,True,,,,https://github.com/craigsapp/creighton-nova-scotia/blob/master/kern/nova101.krn,https://verovio.humdrum.org/?file=users/craig/songs/creighton/nova/nova101.krn,kern/nova101.krn,kern,fae38983118d6ff604e06bd8d5a2e407,Craig Stuart Sapp (music and bibliographic data)                       ,Mr. Frank Faulkner
nova102,Bad Girl's Lament,Bad Girl's Lament,Canada; Nova Scotia,,,Folksongs of Maritime Canada,1928///-1932///,Helen Creighton,,creighton1932nova,219,102,,,,,,,,,,,,False,True,,,,https://github.com/craigsapp/creighton-nova-scotia/blob/master/kern/nova102.krn,https://verovio.humdrum.org/?file=users/craig/songs/creighton/nova/nova102.krn,kern/nova102.krn,kern,a288ba9a873c51336755479df87c05ae,Craig Stuart Sapp (music and bibliographic data)                       ,Mr. Edward Hartley
nova103,Banks of Newfoundland (a),Banks of Newfoundland (a),Canada; Nova Scotia,,,Folksongs of Maritime Canada,1928///-1932///,Helen Creighton,,creighton1932nova,221,103,,,,,,,,,,,,False,True,,,,https://github.com/craigsapp/creighton-nova-scotia/blob/master/kern/nova103.krn,https://verovio.humdrum.org/?file=users/craig/songs/creighton/nova/nova103.krn,kern/nova103.krn,kern,577c41c7da3f5b7786cdaea91126b49b,Craig Stuart Sapp (music and bibliographic data)                       ,Mr. Richard Hartlan
nova104,The Banks of Newfoundland (b),The Banks of Newfoundland (b),Canada; Nova Scotia,,,Folksongs of Maritime Canada,1928///-1932///,Helen Creighton,,creighton1932nova,223,104,,,,,,,,,,,,False,True,,,,https://github.com/craigsapp/creighton-nova-scotia/blob/master/kern/nova104.krn,https://verovio.humdrum.org/?file=users/craig/songs/creighton/nova/nova104.krn,kern/nova104.krn,kern,087e4cb7befe7064662d1afd9ea6640b,Craig Stuart Sapp (music and bibliographic data)                       ,Mr. Ben Henneberry
nova105,Barrack Street,Barrack Street,Canada; Nova Scotia,,,Folksongs of Maritime Canada,1928///-1932///,Helen Creighton,,creighton1932nova,226,105,,,,,,,,,,,,False,True,,,,https://github.com/craigsapp/creighton-nova-scotia/blob/master/kern/nova105.krn,https://verovio.humdrum.org/?file=users/craig/songs/creighton/nova/nova105.krn,kern/nova105.krn,kern,abc89493e52893cbfd304e196479a9c9,Craig Stuart Sapp (music and bibliographic data)                       ,Mr. Ben Henneberry
nova106,Brigantine Sinorca,Brigantine Sinorca,Canada; Nova Scotia,,,Folksongs of Maritime Canada,1928///-1932///,Helen Creighton,,creighton1932nova,228,106,,,,,,,,,,,,False,True,,,,https://github.com/craigsapp/creighton-nova-scotia/blob/master/kern/nova106.krn,https://verovio.humdrum.org/?file=users/craig/songs/creighton/nova/nova106.krn,kern/nova106.krn,kern,aadccf859eb20267e4bbb5cb83f89af6,Craig Stuart Sapp (music and bibliographic data)                       ,Mr. Richard Hartlan
nova107,Canso Strait,Canso Strait,Canada; Nova Scotia,,,Folksongs of Maritime Canada,1928///-1932///,Helen Creighton,,creighton1932nova,230,107,,,,,,,,,,,,False,True,,,,https://github.com/craigsapp/creighton-nova-scotia/blob/master/kern/nova107.krn,https://verovio.humdrum.org/?file=users/craig/songs/creighton/nova/nova107.krn,kern/nova107.krn,kern,ab3cfe7699121ef0b827544bcc85719b,Craig Stuart Sapp (music and bibliographic data)                       ,Mr. Charles Harlan and Mr. Frank Faulkner
nova108,Captain Conrod,Captain Conrod,Canada; Nova Scotia,,,Folksongs of Maritime Canada,1928///-1932///,Helen Creighton,,creighton1932nova,232,108,,,,,,,,,,,,False,True,,,,https://github.com/craigsapp/creighton-nova-scotia/blob/master/kern/nova108.krn,https://verovio.humdrum.org/?file=users/craig/songs/creighton/nova/nova108.krn,kern/nova108.krn,kern,ef92fa37149e5e35f249fa7ad9057017,Craig Stuart Sapp (music and bibliographic data)                       ,Mr. Ben Henneberry
nova109,Charles Gustavus Anderson,Charles Gustavus Anderson,Canada; Nova Scotia,,,Folksongs of Maritime Canada,1928///-1932///,Helen Creighton,,creighton1932nova,235,109,,,,,,,,,,,,False,True,,,,https://github.com/craigsapp/creighton-nova-scotia/blob/master/kern/nova109.krn,https://verovio.humdrum.org/?file=users/craig/songs/creighton/nova/nova109.krn,kern/nova109.krn,kern,c5d9d1681a347acaa0fb424dde6246a6,Craig Stuart Sapp (music and bibliographic data)                       ,Mr. Ben Henneberry
nova110,George Jones,George Jones,Canada; Nova Scotia,,,Folksongs of Maritime Canada,1928///-1932///,Helen Creighton,,creighton1932nova,238,110,,,,,,,,,,,,False,True,,,,https://github.com/craigsapp/creighton-nova-scotia/blob/master/kern/nova110.krn,https://verovio.humdrum.org/?file=users/craig/songs/creighton/nova/nova110.krn,kern/nova110.krn,kern,e3e9613f9d4991aab33474bea8109d44,Craig Stuart Sapp (music and bibliographic data)                       ,Mr. Ben Henneberry
nova111,Haladin's Crew,Haladin's Crew,Canada; Nova Scotia,,,Folksongs of Maritime Canada,1928///-1932///,Helen Creighton,,creighton1932nova,241,111,,,,,,,,,,,,False,True,,,,https://github.com/craigsapp/creighton-nova-scotia/blob/master/kern/nova111.krn,https://verovio.humdrum.org/?file=users/craig/songs/creighton/nova/nova111.krn,kern/nova111.krn,kern,b5a3475d3be8ef50952999ca8d4c3b3b,Craig Stuart Sapp (music and bibliographic data)                       ,Mr. Ben Henneberry
nova112,Coloured Girl from the South,Coloured Girl from the South,Canada; Nova Scotia,,,Folksongs of Maritime Canada,1928///-1932///,Helen Creighton,,creighton1932nova,243,112,,,,,,,,,,,,False,True,,,,https://github.com/craigsapp/creighton-nova-scotia/blob/master/kern/nova112.krn,https://verovio.humdrum.org/?file=users/craig/songs/creighton/nova/nova112.krn,kern/nova112.krn,kern,392185d49a7a18078b2d18b0421d4365,Craig Stuart Sapp (music and bibliographic data)                       ,Mr. Richard Hartlan
nova113,Cumberland's Crew,Cumberland's Crew,Canada; Nova Scotia,,,Folksongs of Maritime Canada,1928///-1932///,Helen Creighton,,creighton1932nova,244,113,,,,,,,,,,,,False,True,,,,https://github.com/craigsapp/creighton-nova-scotia/blob/master/kern/nova113.krn,https://verovio.humdrum.org/?file=users/craig/songs/creighton/nova/nova113.krn,kern/nova113.krn,kern,5e60e148ec36db1784f0b9335ac019cf,Craig Stuart Sapp (music and bibliographic data)                       ,Mr. Ben Henneberry
nova114,Dutchman's Song,Dutchman's Song,Canada; Nova Scotia,,,Folksongs of Maritime Canada,1928///-1932///,Helen Creighton,,creighton1932nova,247,114,,,,,,,,,,,,False,True,,,,https://github.com/craigsapp/creighton-nova-scotia/blob/master/kern/nova114.krn,https://verovio.humdrum.org/?file=users/craig/songs/creighton/nova/nova114.krn,kern/nova114.krn,kern,567e4b678725a2b41810e8f23e07b3f2,Craig Stuart Sapp (music and bibliographic data)                       ,Mr. Charlie Hartlan
nova115,The Flemmings of Torbay,The Flemmings of Torbay,Canada; Nova Scotia,,,Folksongs of Maritime Canada,1928///-1932///,Helen Creighton,,creighton1932nova,248,115,,,,,,,,,,,,False,True,,,,https://github.com/craigsapp/creighton-nova-scotia/blob/master/kern/nova115.krn,https://verovio.humdrum.org/?file=users/craig/songs/creighton/nova/nova115.krn,kern/nova115.krn,kern,585f25a99e0dd348d587df0fe2687ace,Craig Stuart Sapp (music and bibliographic data)                       ,Mr. Patrick Williams
nova116,Fox River Line,Fox River Line,Canada; Nova Scotia,,,Folksongs of Maritime Canada,1928///-1932///,Helen Creighton,,creighton1932nova,252,116,,,,,,,,,,,,False,True,,,,https://github.com/craigsapp/creighton-nova-scotia/blob/master/kern/nova116.krn,https://verovio.humdrum.org/?file=users/craig/songs/creighton/nova/nova116.krn,kern/nova116.krn,kern,cf507fada94b735e3b9f1e81dbbdb47a,Craig Stuart Sapp (music and bibliographic data)                       ,Dr. Perry Cochrane
nova117,The Ghostly Sailors,The Ghostly Sailors,Canada; Nova Scotia,,,Folksongs of Maritime Canada,1928///-1932///,Helen Creighton,,creighton1932nova,254,117,,,,,,,,,,,,False,True,,,,https://github.com/craigsapp/creighton-nova-scotia/blob/master/kern/nova117.krn,https://verovio.humdrum.org/?file=users/craig/songs/creighton/nova/nova117.krn,kern/nova117.krn,kern,050bb6420e44da6417a8bbda4a3bcf15,Craig Stuart Sapp (music and bibliographic data)                       ,Mr. Gordon Young
nova118,Granite Mill,Granite Mill,Canada; Nova Scotia,,,Folksongs of Maritime Canada,1928///-1932///,Helen Creighton,,creighton1932nova,257,118,,,,,,,,,,,,False,True,,,,https://github.com/craigsapp/creighton-nova-scotia/blob/master/kern/nova118.krn,https://verovio.humdrum.org/?file=users/craig/songs/creighton/nova/nova118.krn,kern/nova118.krn,kern,c68dc1de71674097d01c1762b8edc6df,Craig Stuart Sapp (music and bibliographic data)                       ,Mr. Tom Henneberry
nova119,Guysboro Song,Guysboro Song,Canada; Nova Scotia,,,Folksongs of Maritime Canada,1928///-1932///,Helen Creighton,,creighton1932nova,259,119,,,,,,,,,,,,False,True,,,,https://github.com/craigsapp/creighton-nova-scotia/blob/master/kern/nova119.krn,https://verovio.humdrum.org/?file=users/craig/songs/creighton/nova/nova119.krn,kern/nova119.krn,kern,4ec5b7d5c36e9e64576d7c3ecc60830e,Craig Stuart Sapp (music and bibliographic data)                       ,Mr. Ben Henneberry
nova120,Hanstead Boys,Hanstead Boys,Canada; Nova Scotia,,,Folksongs of Maritime Canada,1928///-1932///,Helen Creighton,,creighton1932nova,261,120,,,,,,,,,,,,False,True,,,,https://github.com/craigsapp/creighton-nova-scotia/blob/master/kern/nova120.krn,https://verovio.humdrum.org/?file=users/craig/songs/creighton/nova/nova120.krn,kern/nova120.krn,kern,42a8a18ab0e136228a337552b76622a5,Craig Stuart Sapp (music and bibliographic data)                       ,Dr. Perry Cochrane
nova121a,Indian Song,Indian Song,Canada; Nova Scotia,,,Folksongs of Maritime Canada,1928///-1932///,Helen Creighton,,creighton1932nova,262,,,,,,,,,,,,,False,True,,,,https://github.com/craigsapp/creighton-nova-scotia/blob/master/kern/nova121a.krn,https://verovio.humdrum.org/?file=users/craig/songs/creighton/nova/nova121a.krn,kern/nova121a.krn,kern,f19c0d35f05507c22a92c105e4f9b2c1,Craig Stuart Sapp (music and bibliographic data)                       ,Mr. Charlie Hartlan
nova121b,Indian Song,Indian Song,Canada; Nova Scotia,,,Folksongs of Maritime Canada,1928///-1932///,Helen Creighton,,creighton1932nova,263,,,,,,,,,,,,,False,True,,,,https://github.com/craigsapp/creighton-nova-scotia/blob/master/kern/nova121b.krn,https://verovio.humdrum.org/?file=users/craig/songs/creighton/nova/nova121b.krn,kern/nova121b.krn,kern,db8ac2ddc0cdd10a8b6cf998b5ecbc54,Craig Stuart Sapp (music and bibliographic data)                       ,Mr. Ben Henneberry
nova122,In the Month of October,In the Month of October,Canada; Nova Scotia,,,Folksongs of Maritime Canada,1928///-1932///,Helen Creighton,,creighton1932nova,265,122,,,,,,,,,,,,False,True,,,,https://github.com/craigsapp/creighton-nova-scotia/blob/master/kern/nova122.krn,https://verovio.humdrum.org/?file=users/craig/songs/creighton/nova/nova122.krn,kern/nova122.krn,kern,807cd039dc153b80cefe11ad94ec6ee0,Craig Stuart Sapp (music and bibliographic data)                       ,Mr. Allan Hartlan
nova123,Irish Labourer,Irish Labourer,Canada; Nova Scotia,,,Folksongs of Maritime Canada,1928///-1932///,Helen Creighton,,creighton1932nova,266,123,,,,,,,,,,,,False,True,,,,https://github.com/craigsapp/creighton-nova-scotia/blob/master/kern/nova123.krn,https://verovio.humdrum.org/?file=users/craig/songs/creighton/nova/nova123.krn,kern/nova123.krn,kern,97bf597d531ada12904bb95cd2716a5e,Craig Stuart Sapp (music and bibliographic data)                       ,Mr. Patrick Williams
nova124,Joe Livermore,Joe Livermore,Canada; Nova Scotia,,,Folksongs of Maritime Canada,1928///-1932///,Helen Creighton,,creighton1932nova,268,124,,,,,,,,,,,,False,True,,,,https://github.com/craigsapp/creighton-nova-scotia/blob/master/kern/nova124.krn,https://verovio.humdrum.org/?file=users/craig/songs/creighton/nova/nova124.krn,kern/nova124.krn,kern,3ecf67d2e7d627b395bdeac95237cfb2,Craig Stuart Sapp (music and bibliographic data)                       ,Mr. Hiram O. Hilshie
nova125,Jolly Fisherman,Jolly Fisherman,Canada; Nova Scotia,,,Folksongs of Maritime Canada,1928///-1932///,Helen Creighton,,creighton1932nova,269,125,,,,,,,,,,,,False,True,,,,https://github.com/craigsapp/creighton-nova-scotia/blob/master/kern/nova125.krn,https://verovio.humdrum.org/?file=users/craig/songs/creighton/nova/nova125.krn,kern/nova125.krn,kern,5968b3364a17ac8adaf3c9e16ed22f4b,Craig Stuart Sapp (music and bibliographic data)                       ,Mr. Richard Hartlan
nova126,Liverpool Girls,Liverpool Girls,Canada; Nova Scotia,,,Folksongs of Maritime Canada,1928///-1932///,Helen Creighton,,creighton1932nova,272,126,,,,,,,,,,,,False,True,,,,https://github.com/craigsapp/creighton-nova-scotia/blob/master/kern/nova126.krn,https://verovio.humdrum.org/?file=users/craig/songs/creighton/nova/nova126.krn,kern/nova126.krn,kern,4c3cbb85e27577008f9ed7ee11e3aa29,Craig Stuart Sapp (music and bibliographic data)                       ,Mr. Ben Henneberry
nova127,Loakie's Boat,Loakie's Boat,Canada; Nova Scotia,,,Folksongs of Maritime Canada,1928///-1932///,Helen Creighton,,creighton1932nova,274,127,,,,,,,,,,,,False,True,,,,https://github.com/craigsapp/creighton-nova-scotia/blob/master/kern/nova127.krn,https://verovio.humdrum.org/?file=users/craig/songs/creighton/nova/nova127.krn,kern/nova127.krn,kern,0bc6847ee0d762afbafbde6b0c78bbf8,Craig Stuart Sapp (music and bibliographic data)                       ,Mr. and Mrs. Edward Hartley
nova128,Loss of the Philosophy,Loss of the Philosophy,Canada; Nova Scotia,,,Folksongs of Maritime Canada,1928///-1932///,Helen Creighton,,creighton1932nova,275,128,,,,,,,,,,,,False,True,,,,https://github.com/craigsapp/creighton-nova-scotia/blob/master/kern/nova128.krn,https://verovio.humdrum.org/?file=users/craig/songs/creighton/nova/nova128.krn,kern/nova128.krn,kern,0e1cec35c206e48016966df8fce6e526,Craig Stuart Sapp (music and bibliographic data)                       ,Mr. Ben Henneberry
nova129,Louisiana Lowlands,Louisiana Lowlands,Canada; Nova Scotia,,,Folksongs of Maritime Canada,1928///-1932///,Helen Creighton,,creighton1932nova,278,129,,,,,,,,,,,,False,True,,,,https://github.com/craigsapp/creighton-nova-scotia/blob/master/kern/nova129.krn,https://verovio.humdrum.org/?file=users/craig/songs/creighton/nova/nova129.krn,kern/nova129.krn,kern,bea350faca904af0f0ed91961742ad7c,Craig Stuart Sapp (music and bibliographic data)                       ,Prof. A. McMechan
nova130,Lumbering Boy,Lumbering Boy,Canada; Nova Scotia,,,Folksongs of Maritime Canada,1928///-1932///,Helen Creighton,,creighton1932nova,280,130,,,,,,,,,,,,False,True,,,,https://github.com/craigsapp/creighton-nova-scotia/blob/master/kern/nova130.krn,https://verovio.humdrum.org/?file=users/craig/songs/creighton/nova/nova130.krn,kern/nova130.krn,kern,d28d6074b34c5954444dd6a43512daf1,Craig Stuart Sapp (music and bibliographic data)                       ,Mr. Charlie Hartlan
nova131,Maggie Mac,Maggie Mac,Canada; Nova Scotia,,,Folksongs of Maritime Canada,1928///-1932///,Helen Creighton,,creighton1932nova,282,131,,,,,,,,,,,,False,True,,,,https://github.com/craigsapp/creighton-nova-scotia/blob/master/kern/nova131.krn,https://verovio.humdrum.org/?file=users/craig/songs/creighton/nova/nova131.krn,kern/nova131.krn,kern,d55e8d50e2020d9500565ca845c41ca6,Craig Stuart Sapp (music and bibliographic data)                       ,Mr. Ben Henneberry
nova132,The Mary L. MacKay,The Mary L. MacKay,Canada; Nova Scotia,,,Folksongs of Maritime Canada,1928///-1932///,Helen Creighton,,creighton1932nova,284,132,,,,,,,,,,,,False,True,,,,https://github.com/craigsapp/creighton-nova-scotia/blob/master/kern/nova132.krn,https://verovio.humdrum.org/?file=users/craig/songs/creighton/nova/nova132.krn,kern/nova132.krn,kern,9078abf726a6191f88585c3019d1a7f1,Craig Stuart Sapp (music and bibliographic data)                       ,Mr. Edmund Henneberry
nova133,McCarthy's Song,McCarthy's Song,Canada; Nova Scotia,,,Folksongs of Maritime Canada,1928///-1932///,Helen Creighton,,creighton1932nova,288,133,,,,,,,,,,,,False,True,,,,https://github.com/craigsapp/creighton-nova-scotia/blob/master/kern/nova133.krn,https://verovio.humdrum.org/?file=users/craig/songs/creighton/nova/nova133.krn,kern/nova133.krn,kern,d097093e02972ce57d7e970f472e76e5,Craig Stuart Sapp (music and bibliographic data)                       ,Mr. Ben Henneberry
nova134,McNab's Island,McNab's Island,Canada; Nova Scotia,,,Folksongs of Maritime Canada,1928///-1932///,Helen Creighton,,creighton1932nova,291,134,,,,,,,,,,,,False,True,,,,https://github.com/craigsapp/creighton-nova-scotia/blob/master/kern/nova134.krn,https://verovio.humdrum.org/?file=users/craig/songs/creighton/nova/nova134.krn,kern/nova134.krn,kern,f125a2d48d58dca80699e39ecfbe5332,Craig Stuart Sapp (music and bibliographic data)                       ,Mr. Richard Hartlan
nova135,Meagher's Children,Meagher's Children,Canada; Nova Scotia,,,Folksongs of Maritime Canada,1928///-1932///,Helen Creighton,,creighton1932nova,292,135,,,,,,,,,,,,False,True,,,,https://github.com/craigsapp/creighton-nova-scotia/blob/master/kern/nova135.krn,https://verovio.humdrum.org/?file=users/craig/songs/creighton/nova/nova135.krn,kern/nova135.krn,kern,9ae2b3a0a857facebe2b8149847e47aa,Craig Stuart Sapp (music and bibliographic data)                       ,Mr. Ben Henneberry
nova136,Ocean Queen,Ocean Queen,Canada; Nova Scotia,,,Folksongs of Maritime Canada,1928///-1932///,Helen Creighton,,creighton1932nova,297,136,,,,,,,,,,,,False,True,,,,https://github.com/craigsapp/creighton-nova-scotia/blob/master/kern/nova136.krn,https://verovio.humdrum.org/?file=users/craig/songs/creighton/nova/nova136.krn,kern/nova136.krn,kern,07d11ceb775a09a014421ff6f0c1682a,Craig Stuart Sapp (music and bibliographic data)                       ,Mr. Ben Henneberry
nova137,On the Lakes of Ponchartrain,On the Lakes of Ponchartrain,Canada; Nova Scotia,,,Folksongs of Maritime Canada,1928///-1932///,Helen Creighton,,creighton1932nova,299,137,,,,,,,,,,,,False,True,,,,https://github.com/craigsapp/creighton-nova-scotia/blob/master/kern/nova137.krn,https://verovio.humdrum.org/?file=users/craig/songs/creighton/nova/nova137.krn,kern/nova137.krn,kern,39f017f530b339539dd209df488e3b09,Craig Stuart Sapp (music and bibliographic data)                       ,Mrs. Thomas Osborne
nova138,Peter Rambelay,Peter Rambelay,Canada; Nova Scotia,,,Folksongs of Maritime Canada,1928///-1932///,Helen Creighton,,creighton1932nova,301,138,,,,,,,,,,,,False,True,,,,https://github.com/craigsapp/creighton-nova-scotia/blob/master/kern/nova138.krn,https://verovio.humdrum.org/?file=users/craig/songs/creighton/nova/nova138.krn,kern/nova138.krn,kern,7eddbfcad6a2bf13c109cc97c31db8f6,Craig Stuart Sapp (music and bibliographic data)                       ,Mr. Richard Hartlan
nova139,Prentice Boy,Prentice Boy,Canada; Nova Scotia,,,Folksongs of Maritime Canada,1928///-1932///,Helen Creighton,,creighton1932nova,304,139,,,,,,,,,,,,False,True,,,,https://github.com/craigsapp/creighton-nova-scotia/blob/master/kern/nova139.krn,https://verovio.humdrum.org/?file=users/craig/songs/creighton/nova/nova139.krn,kern/nova139.krn,kern,c059f39b5d9b514d6ce3330e0249fd18,Craig Stuart Sapp (music and bibliographic data)                       ,Mr. Ben Henneberry
nova140,Prince Edward Island Murder,Prince Edward Island Murder,Canada; Nova Scotia,,,Folksongs of Maritime Canada,1928///-1932///,Helen Creighton,,creighton1932nova,306,140,,,,,,,,,,,,False,True,,,,https://github.com/craigsapp/creighton-nova-scotia/blob/master/kern/nova140.krn,https://verovio.humdrum.org/?file=users/craig/songs/creighton/nova/nova140.krn,kern/nova140.krn,kern,c7c0a1465369c31e318401c26cc3dc89,Craig Stuart Sapp (music and bibliographic data)                       ,Mr. Ben Henneberry
nova141,Prisoner's Song,Prisoner's Song,Canada; Nova Scotia,,,Folksongs of Maritime Canada,1928///-1932///,Helen Creighton,,creighton1932nova,309,141,,,,,,,,,,,,False,True,,,,https://github.com/craigsapp/creighton-nova-scotia/blob/master/kern/nova141.krn,https://verovio.humdrum.org/?file=users/craig/songs/creighton/nova/nova141.krn,kern/nova141.krn,kern,ef11e85e083c1863834321b68e853fed,Craig Stuart Sapp (music and bibliographic data)                       ,Mr. Edward Hartley
nova142,Sable Island Song (a),Sable Island Song (a),Canada; Nova Scotia,,,Folksongs of Maritime Canada,1928///-1932///,Helen Creighton,,creighton1932nova,310,142,,,,,,,,,,,,False,True,,,,https://github.com/craigsapp/creighton-nova-scotia/blob/master/kern/nova142.krn,https://verovio.humdrum.org/?file=users/craig/songs/creighton/nova/nova142.krn,kern/nova142.krn,kern,f3b1e0eda69a63f0c430c34834666bc7,Craig Stuart Sapp (music and bibliographic data)                       ,Mr. Albert Whare
nova143,Sable Island Song (b),Sable Island Song (b),Canada; Nova Scotia,,,Folksongs of Maritime Canada,1928///-1932///,Helen Creighton,,creighton1932nova,312,143,,,,,,,,,,,,False,True,,,,https://github.com/craigsapp/creighton-nova-scotia/blob/master/kern/nova143.krn,https://verovio.humdrum.org/?file=users/craig/songs/creighton/nova/nova143.krn,kern/nova143.krn,kern,6a0e9b50b0d7c30ebcfb25babcdc6b6f,Craig Stuart Sapp (music and bibliographic data)                       ,Mr. Allan Hartlan
nova144,The Seizure of the E.J. Horton,The Seizure of the E.J. Horton,Canada; Nova Scotia,,,Folksongs of Maritime Canada,1928///-1932///,Helen Creighton,,creighton1932nova,314,144,,,,,,,,,,,,False,True,,,,https://github.com/craigsapp/creighton-nova-scotia/blob/master/kern/nova144.krn,https://verovio.humdrum.org/?file=users/craig/songs/creighton/nova/nova144.krn,kern/nova144.krn,kern,406a02ece4333c269ea9df5607817586,Craig Stuart Sapp (music and bibliographic data)                       ,Mr. Ben Henneberry
nova145,Song of the Tangier Gold Mines,Song of the Tangier Gold Mines,Canada; Nova Scotia,,,Folksongs of Maritime Canada,1928///-1932///,Helen Creighton,,creighton1932nova,316,145,,,,,,,,,,,,False,True,,,,https://github.com/craigsapp/creighton-nova-scotia/blob/master/kern/nova145.krn,https://verovio.humdrum.org/?file=users/craig/songs/creighton/nova/nova145.krn,kern/nova145.krn,kern,05addce9c880f0d99f88b04050497739,Craig Stuart Sapp (music and bibliographic data)                       ,Mr. Hiram O. Hilshie (nephew)
nova146,Sweet Fair Ella,Sweet Fair Ella,Canada; Nova Scotia,,,Folksongs of Maritime Canada,1928///-1932///,Helen Creighton,,creighton1932nova,320,146,,,,,,,,,,,,False,True,,,,https://github.com/craigsapp/creighton-nova-scotia/blob/master/kern/nova146.krn,https://verovio.humdrum.org/?file=users/craig/songs/creighton/nova/nova146.krn,kern/nova146.krn,kern,acf39571b509c6c9754483f79ba5ab2b,Craig Stuart Sapp (music and bibliographic data)                       ,Mr. Edward Hartley
nova147,Tacking of a Full-Rigged Ship Off Shore,Tacking of a Full-Rigged Ship Off Shore,Canada; Nova Scotia,,,Folksongs of Maritime Canada,1928///-1932///,Helen Creighton,,creighton1932nova,321,147,,,,,,,,,,,,False,True,,,,https://github.com/craigsapp/creighton-nova-scotia/blob/master/kern/nova147.krn,https://verovio.humdrum.org/?file=users/craig/songs/creighton/nova/nova147.krn,kern/nova147.krn,kern,d7e029a0722fa4d3bee0e878bf5176d7,Craig Stuart Sapp (music and bibliographic data)                       ,Mr. Ben Henneberry
nova148,'Twas in the Town of Parsboro,'Twas in the Town of Parsboro,Canada; Nova Scotia,,,Folksongs of Maritime Canada,1928///-1932///,Helen Creighton,,creighton1932nova,324,148,,,,,,,,,,,,False,True,,,,https://github.com/craigsapp/creighton-nova-scotia/blob/master/kern/nova148.krn,https://verovio.humdrum.org/?file=users/craig/songs/creighton/nova/nova148.krn,kern/nova148.krn,kern,2c3bb39b7e22f38b2c93c5406810b69a,Craig Stuart Sapp (music and bibliographic data)                       ,Dr. Perry Cochrane
nova149,Unicorn,Unicorn,Canada; Nova Scotia,,,Folksongs of Maritime Canada,1928///-1932///,Helen Creighton,,creighton1932nova,326,149,,,,,,,,,,,,False,True,,,,https://github.com/craigsapp/creighton-nova-scotia/blob/master/kern/nova149.krn,https://verovio.humdrum.org/?file=users/craig/songs/creighton/nova/nova149.krn,kern/nova149.krn,kern,095131d87f5a73795d3f1f43d6f1bfbc,Craig Stuart Sapp (music and bibliographic data)                       ,Mr. Ben Henneberry
nova150,Young Charlotte,Young Charlotte,Canada; Nova Scotia,,,Folksongs of Maritime Canada,1928///-1932///,Helen Creighton,,creighton1932nova,328,150,,,,,,,,,,,,False,True,,,,https://github.com/craigsapp/creighton-nova-scotia/blob/master/kern/nova150.krn,https://verovio.humdrum.org/?file=users/craig/songs/creighton/nova/nova150.krn,kern/nova150.krn,kern,3998af88c90b0cb4f24ef688fc73ac12,Craig Stuart Sapp (music and bibliographic data)                       ,Mr. Ben Henneberry and Miss Aletha Edwards
